Date,Close
1/4/2010 16:00,11.58
1/5/2010 16:00,11.53
1/6/2010 16:00,11.49
1/7/2010 16:00,11.11
1/8/2010 16:00,11.1
1/11/2010 16:00,11.04
1/12/2010 16:00,10.7
1/13/2010 16:00,10.98
1/14/2010 16:00,10.87
1/15/2010 16:00,10.6
1/19/2010 16:00,10.96
1/20/2010 16:00,10.8
1/21/2010 16:00,10.59
1/22/2010 16:00,10.09
1/25/2010 16:00,10.15
1/26/2010 16:00,10
1/27/2010 16:00,9.99
1/28/2010 16:00,10.05
1/29/2010 16:00,10.16
2/1/2010 16:00,10.08
2/2/2010 16:00,9.96
2/3/2010 16:00,10.06
2/4/2010 16:00,9.68
2/5/2010 16:00,9.56
2/8/2010 16:00,9.61
2/9/2010 16:00,9.6
2/10/2010 16:00,9.7
2/11/2010 16:00,9.89
2/12/2010 16:00,9.71
2/16/2010 16:00,9.91
2/17/2010 16:00,10.02
2/18/2010 16:00,10.06
2/19/2010 16:00,10.02
2/22/2010 16:00,10
2/23/2010 16:00,9.85
2/24/2010 16:00,9.82
2/25/2010 16:00,9.75
2/26/2010 16:00,9.75
3/1/2010 16:00,9.95
3/2/2010 16:00,9.95
3/3/2010 16:00,9.86
3/4/2010 16:00,9.87
3/5/2010 16:00,10.13
3/8/2010 16:00,10.23
3/9/2010 16:00,10.25
3/10/2010 16:00,10.34
3/11/2010 16:00,10.5
3/12/2010 16:00,10.33
3/15/2010 16:00,10.14
3/16/2010 16:00,10.29
3/17/2010 16:00,10.42
3/18/2010 16:00,10.34
3/19/2010 16:00,10.09
3/22/2010 16:00,10.18
3/23/2010 16:00,10.27
3/24/2010 16:00,10.33
3/25/2010 16:00,10.42
3/26/2010 16:00,10.36
3/29/2010 16:00,10.54
3/30/2010 16:00,10.55
3/31/2010 16:00,10.49
4/1/2010 16:00,10.6
4/5/2010 16:00,10.73
4/6/2010 16:00,10.83
4/7/2010 16:00,10.85
4/8/2010 16:00,10.62
4/9/2010 16:00,10.62
4/12/2010 16:00,10.59
4/13/2010 16:00,10.67
4/14/2010 16:00,11.25
4/15/2010 16:00,11.13
4/16/2010 16:00,10.85
4/19/2010 16:00,10.84
4/20/2010 16:00,10.9
4/21/2010 16:00,10.84
4/22/2010 16:00,10.97
4/23/2010 16:00,10.96
4/26/2010 16:00,10.99
4/27/2010 16:00,10.6
4/28/2010 16:00,10.5
4/29/2010 16:00,10.56
4/30/2010 16:00,10.59
5/3/2010 16:00,10.66
5/4/2010 16:00,10.09
5/5/2010 16:00,9.96
5/6/2010 16:00,9.77
5/7/2010 16:00,9.89
5/10/2010 16:00,10.3
5/11/2010 16:00,10.17
5/12/2010 16:00,10.23
5/13/2010 16:00,10.25
5/14/2010 16:00,9.87
5/17/2010 16:00,9.97
5/18/2010 16:00,9.73
5/19/2010 16:00,9.82
5/20/2010 16:00,9.63
5/21/2010 16:00,9.79
5/24/2010 16:00,9.6
5/25/2010 16:00,9.57
5/26/2010 16:00,9.46
5/27/2010 16:00,9.89
5/28/2010 16:00,9.75
6/1/2010 16:00,9.85
6/2/2010 16:00,10.08
6/3/2010 16:00,9.91
6/4/2010 16:00,9.62
6/7/2010 16:00,9.43
6/8/2010 16:00,9.51
6/9/2010 16:00,9.56
6/10/2010 16:00,9.79
6/11/2010 16:00,9.8
6/14/2010 16:00,9.85
6/15/2010 16:00,10.27
6/16/2010 16:00,10.31
6/17/2010 16:00,10.29
6/18/2010 16:00,10.2
6/21/2010 16:00,10.36
6/22/2010 16:00,10.09
6/23/2010 16:00,10.15
6/24/2010 16:00,9.94
6/25/2010 16:00,10.02
6/28/2010 16:00,10.04
6/29/2010 16:00,9.81
6/30/2010 16:00,9.76
7/1/2010 16:00,9.79
7/2/2010 16:00,9.89
7/6/2010 16:00,9.84
7/7/2010 16:00,10
7/8/2010 16:00,10.09
7/9/2010 16:00,10.15
7/12/2010 16:00,10.07
7/13/2010 16:00,10.14
7/14/2010 16:00,10.15
7/15/2010 16:00,10.15
7/16/2010 16:00,9.92
7/19/2010 16:00,10.13
7/20/2010 16:00,10.3
7/21/2010 16:00,10.1
7/22/2010 16:00,10.38
7/23/2010 16:00,10.46
7/26/2010 16:00,10.57
7/27/2010 16:00,10.44
7/28/2010 16:00,10.46
7/29/2010 16:00,10.18
7/30/2010 16:00,10.1
8/2/2010 16:00,10.26
8/3/2010 16:00,10.23
8/4/2010 16:00,10.22
8/5/2010 16:00,10.12
8/6/2010 16:00,9.96
8/9/2010 16:00,9.95
8/10/2010 16:00,9.93
8/11/2010 16:00,9.73
8/12/2010 16:00,9.77
8/13/2010 16:00,9.7
8/16/2010 16:00,9.77
8/17/2010 16:00,9.88
8/18/2010 16:00,9.77
8/19/2010 16:00,9.64
8/20/2010 16:00,9.68
8/23/2010 16:00,9.69
8/24/2010 16:00,9.54
8/25/2010 16:00,9.47
8/26/2010 16:00,9.43
8/27/2010 16:00,9.65
8/30/2010 16:00,9.42
8/31/2010 16:00,9.4
9/1/2010 16:00,9.58
9/2/2010 16:00,9.47
9/3/2010 16:00,9.77
9/7/2010 16:00,9.5
9/8/2010 16:00,9.52
9/9/2010 16:00,9.51
9/10/2010 16:00,9.48
9/13/2010 16:00,9.86
9/14/2010 16:00,9.93
9/15/2010 16:00,9.88
9/16/2010 16:00,9.96
9/17/2010 16:00,9.91
9/20/2010 16:00,10.07
9/21/2010 16:00,9.9
9/22/2010 16:00,9.8
9/23/2010 16:00,9.66
9/24/2010 16:00,9.98
9/27/2010 16:00,9.89
9/28/2010 16:00,10.09
9/29/2010 16:00,10.28
9/30/2010 16:00,10.14
10/1/2010 16:00,10.25
10/4/2010 16:00,10.21
10/5/2010 16:00,10.41
10/6/2010 16:00,10.28
10/7/2010 16:00,10.28
10/8/2010 16:00,10.36
10/11/2010 16:00,10.34
10/12/2010 16:00,10.27
10/13/2010 16:00,10.43
10/14/2010 16:00,10.37
10/15/2010 16:00,10.34
10/18/2010 16:00,10.3
10/19/2010 16:00,10.2
10/20/2010 16:00,10.33
10/21/2010 16:00,10.41
10/22/2010 16:00,10.6
10/25/2010 16:00,10.68
10/26/2010 16:00,10.62
10/27/2010 16:00,10.65
10/28/2010 16:00,10.76
10/29/2010 16:00,10.91
11/1/2010 16:00,10.89
11/2/2010 16:00,10.84
11/3/2010 16:00,10.93
11/4/2010 16:00,11.26
11/5/2010 16:00,11.18
11/8/2010 16:00,11
11/9/2010 16:00,11.14
11/10/2010 16:00,11.25
11/11/2010 16:00,11.06
11/12/2010 16:00,11.05
11/15/2010 16:00,11.06
11/16/2010 16:00,10.86
11/17/2010 16:00,10.89
11/18/2010 16:00,11.04
11/19/2010 16:00,11.08
11/22/2010 16:00,11.13
11/23/2010 16:00,10.74
11/24/2010 16:00,11
11/26/2010 16:00,11
11/29/2010 16:00,10.81
11/30/2010 16:00,10.75
12/1/2010 16:00,11.11
12/2/2010 16:00,11.54
12/3/2010 16:00,11.97
12/6/2010 16:00,11.89
12/7/2010 16:00,11.83
12/8/2010 16:00,11.91
12/9/2010 16:00,12.03
12/10/2010 16:00,12.08
12/13/2010 16:00,11.9
12/14/2010 16:00,11.91
12/15/2010 16:00,12.12
12/16/2010 16:00,12.32
12/17/2010 16:00,12.69
12/20/2010 16:00,12.33
12/21/2010 16:00,12.39
12/22/2010 16:00,12.3
12/23/2010 16:00,12.23
12/27/2010 16:00,12.31
12/28/2010 16:00,12.24
12/29/2010 16:00,12.31
12/30/2010 16:00,12.4
12/31/2010 16:00,12.54
1/3/2011 16:00,12.59
1/4/2011 16:00,12.63
1/5/2011 16:00,12.36
1/6/2011 16:00,12.87
1/7/2011 16:00,13.07
1/10/2011 16:00,13.22
1/11/2011 16:00,13.42
1/12/2011 16:00,13.51
1/13/2011 16:00,13.37
1/14/2011 16:00,13.68
1/18/2011 16:00,13.55
1/19/2011 16:00,13.53
1/20/2011 16:00,13.26
1/21/2011 16:00,13.27
1/24/2011 16:00,13.45
1/25/2011 16:00,13.22
1/26/2011 16:00,13.24
1/27/2011 16:00,13.31
1/28/2011 16:00,13.11
1/31/2011 16:00,13.07
2/1/2011 16:00,13.21
2/2/2011 16:00,13.34
2/3/2011 16:00,13.36
2/4/2011 16:00,13.62
2/7/2011 16:00,13.66
2/8/2011 16:00,13.42
2/9/2011 16:00,13.09
2/10/2011 16:00,12.84
2/11/2011 16:00,12.94
2/14/2011 16:00,12.89
2/15/2011 16:00,12.82
2/16/2011 16:00,12.89
2/17/2011 16:00,13.07
2/18/2011 16:00,12.81
2/22/2011 16:00,12.41
2/23/2011 16:00,12.28
2/24/2011 16:00,12.12
2/25/2011 16:00,12.29
2/28/2011 16:00,12.29
3/1/2011 16:00,12.18
3/2/2011 16:00,12.21
3/3/2011 16:00,12.26
3/4/2011 16:00,12.41
3/7/2011 16:00,12.2
3/8/2011 16:00,12.35
3/9/2011 16:00,12.52
3/10/2011 16:00,12.11
3/11/2011 16:00,12.21
3/14/2011 16:00,12.16
3/15/2011 16:00,11.91
3/16/2011 16:00,11.43
3/17/2011 16:00,11.61
3/18/2011 16:00,11.75
3/21/2011 16:00,11.94
3/22/2011 16:00,11.82
3/23/2011 16:00,12.04
3/24/2011 16:00,12.28
3/25/2011 16:00,12.24
3/28/2011 16:00,12.17
3/29/2011 16:00,12.06
3/30/2011 16:00,12.11
3/31/2011 16:00,12.18
4/1/2011 16:00,12.21
4/4/2011 16:00,12.18
4/5/2011 16:00,12.46
4/6/2011 16:00,12.77
4/7/2011 16:00,12.72
4/8/2011 16:00,12.65
4/11/2011 16:00,12.51
4/12/2011 16:00,12.23
4/13/2011 16:00,12.26
4/14/2011 16:00,12.31
4/15/2011 16:00,12.21
4/18/2011 16:00,11.95
4/19/2011 16:00,11.96
4/20/2011 16:00,12.45
4/21/2011 16:00,12.56
4/25/2011 16:00,12.28
4/26/2011 16:00,12.56
4/27/2011 16:00,13.29
4/28/2011 16:00,13.41
4/29/2011 16:00,13.5
5/2/2011 16:00,13.51
5/3/2011 16:00,13.46
5/4/2011 16:00,13.44
5/5/2011 16:00,13.55
5/6/2011 16:00,13.75
5/9/2011 16:00,13.67
5/10/2011 16:00,13.75
5/11/2011 16:00,13.5
5/12/2011 16:00,13.82
5/13/2011 16:00,13.59
5/16/2011 16:00,13.47
5/17/2011 16:00,13.39
5/18/2011 16:00,13.53
5/19/2011 16:00,13.45
5/20/2011 16:00,13.41
5/23/2011 16:00,13.12
5/24/2011 16:00,13.15
5/25/2011 16:00,13.17
5/26/2011 16:00,13.34
5/27/2011 16:00,13.26
5/31/2011 16:00,13.66
6/1/2011 16:00,13.68
6/2/2011 16:00,13.7
6/3/2011 16:00,13.64
6/6/2011 16:00,13.68
6/7/2011 16:00,13.88
6/8/2011 16:00,13.72
6/9/2011 16:00,13.56
6/10/2011 16:00,13.05
6/13/2011 16:00,12.99
6/14/2011 16:00,13.33
6/15/2011 16:00,13.12
6/16/2011 16:00,13
6/17/2011 16:00,12.72
6/20/2011 16:00,12.9
6/21/2011 16:00,13.27
6/22/2011 16:00,12.92
6/23/2011 16:00,12.84
6/24/2011 16:00,12.4
6/27/2011 16:00,12.53
6/28/2011 16:00,12.82
6/29/2011 16:00,12.35
6/30/2011 16:00,12.61
7/1/2011 16:00,12.91
7/5/2011 16:00,12.72
7/6/2011 16:00,12.53
7/7/2011 16:00,12.76
7/8/2011 16:00,12.62
7/11/2011 16:00,12.37
7/12/2011 16:00,12.24
7/13/2011 16:00,12.44
7/14/2011 16:00,12.15
7/15/2011 16:00,12.22
7/18/2011 16:00,12.14
7/19/2011 16:00,12.22
7/20/2011 16:00,12.47
7/21/2011 16:00,12.57
7/22/2011 16:00,12.98
7/25/2011 16:00,12.75
7/26/2011 16:00,12.9
7/27/2011 16:00,12.56
7/28/2011 16:00,12.31
7/29/2011 16:00,12.36
8/1/2011 16:00,12.53
8/2/2011 16:00,12.19
8/3/2011 16:00,12.16
8/4/2011 16:00,11.58
8/5/2011 16:00,11.56
8/8/2011 16:00,10.94
8/9/2011 16:00,11.5
8/10/2011 16:00,11.07
8/11/2011 16:00,11.52
8/12/2011 16:00,11.46
8/15/2011 16:00,11.67
8/16/2011 16:00,11.52
8/17/2011 16:00,11.51
8/18/2011 16:00,11.05
8/19/2011 16:00,10.94
8/22/2011 16:00,11.24
8/23/2011 16:00,11.84
8/24/2011 16:00,11.74
8/25/2011 16:00,11.35
8/26/2011 16:00,11.81
8/29/2011 16:00,12.13
8/30/2011 16:00,11.97
8/31/2011 16:00,11.97
9/1/2011 16:00,11.89
9/2/2011 16:00,11.66
9/6/2011 16:00,11.52
9/7/2011 16:00,12.05
9/8/2011 16:00,12
9/9/2011 16:00,11.88
9/12/2011 16:00,11.94
9/13/2011 16:00,11.96
9/14/2011 16:00,11.82
9/15/2011 16:00,12.11
9/16/2011 16:00,12.41
9/19/2011 16:00,12.22
9/20/2011 16:00,12.12
9/21/2011 16:00,11.92
9/22/2011 16:00,11.52
9/23/2011 16:00,11.71
9/26/2011 16:00,11.56
9/27/2011 16:00,12.02
9/28/2011 16:00,11.77
9/29/2011 16:00,11.81
9/30/2011 16:00,11.43
10/3/2011 16:00,11.31
10/4/2011 16:00,11.74
10/5/2011 16:00,11.82
10/6/2011 16:00,11.83
10/7/2011 16:00,11.8
10/10/2011 16:00,12.02
10/11/2011 16:00,11.86
10/12/2011 16:00,12.16
10/13/2011 16:00,12.17
10/14/2011 16:00,12.3
10/17/2011 16:00,12.01
10/18/2011 16:00,12.21
10/19/2011 16:00,12.11
10/20/2011 16:00,11.81
10/21/2011 16:00,12.18
10/24/2011 16:00,12.48
10/25/2011 16:00,12.19
10/26/2011 16:00,12.25
10/27/2011 16:00,12.92
10/28/2011 16:00,12.74
10/31/2011 16:00,12.62
11/1/2011 16:00,12.45
11/2/2011 16:00,12.72
11/3/2011 16:00,12.9
11/4/2011 16:00,12.98
11/7/2011 16:00,13
11/8/2011 16:00,12.93
11/9/2011 16:00,12.48
11/10/2011 16:00,12.66
11/11/2011 16:00,12.95
11/14/2011 16:00,12.98
11/15/2011 16:00,13.08
11/16/2011 16:00,12.74
11/17/2011 16:00,12.71
11/18/2011 16:00,12.66
11/21/2011 16:00,12.56
11/22/2011 16:00,12.56
11/23/2011 16:00,12.2
11/25/2011 16:00,12.07
11/28/2011 16:00,12.55
11/29/2011 16:00,12.4
11/30/2011 16:00,12.92
12/1/2011 16:00,13.21
12/2/2011 16:00,13.12
12/5/2011 16:00,13.22
12/6/2011 16:00,12.94
12/7/2011 16:00,13.22
12/8/2011 16:00,12.94
12/9/2011 16:00,13.08
12/12/2011 16:00,12.93
12/13/2011 16:00,12.72
12/14/2011 16:00,12.55
12/15/2011 16:00,12.5
12/16/2011 16:00,12.76
12/19/2011 16:00,12.32
12/20/2011 16:00,12.66
12/21/2011 16:00,12.71
12/22/2011 16:00,12.91
12/23/2011 16:00,12.92
12/27/2011 16:00,13.02
12/28/2011 16:00,12.92
12/29/2011 16:00,13.02
12/30/2011 16:00,12.91
1/3/2012 16:00,13.26
1/4/2012 16:00,13.14
1/5/2012 16:00,13.26
1/6/2012 16:00,13.15
1/9/2012 16:00,13.38
1/10/2012 16:00,13.77
1/11/2012 16:00,13.66
1/12/2012 16:00,13.83
1/13/2012 16:00,13.75
1/17/2012 16:00,13.46
1/18/2012 16:00,13.83
1/19/2012 16:00,14.26
1/20/2012 16:00,13.97
1/23/2012 16:00,14.01
1/24/2012 16:00,13.93
1/25/2012 16:00,14.16
1/26/2012 16:00,14.23
1/27/2012 16:00,14.11
1/30/2012 16:00,13.98
1/31/2012 16:00,14.08
2/1/2012 16:00,14.19
2/2/2012 16:00,13.91
2/3/2012 16:00,14.05
2/6/2012 16:00,13.99
2/7/2012 16:00,14.05
2/8/2012 16:00,14.19
2/9/2012 16:00,14.28
2/10/2012 16:00,13.84
2/13/2012 16:00,14.11
2/14/2012 16:00,14.18
2/15/2012 16:00,14.32
2/16/2012 16:00,14.53
2/17/2012 16:00,14.62
2/21/2012 16:00,14.38
2/22/2012 16:00,14.48
2/23/2012 16:00,14.14
2/24/2012 16:00,14.37
2/27/2012 16:00,14.39
2/28/2012 16:00,14.69
2/29/2012 16:00,14.52
3/1/2012 16:00,14.64
3/2/2012 16:00,14.59
3/5/2012 16:00,14.33
3/6/2012 16:00,14.16
3/7/2012 16:00,14.4
3/8/2012 16:00,14.61
3/9/2012 16:00,14.6
3/12/2012 16:00,14.4
3/13/2012 16:00,14.87
3/14/2012 16:00,14.81
3/15/2012 16:00,14.94
3/16/2012 16:00,14.79
3/19/2012 16:00,15.16
3/20/2012 16:00,14.94
3/21/2012 16:00,15.21
3/22/2012 16:00,15.03
3/23/2012 16:00,14.99
3/26/2012 16:00,15.38
3/27/2012 16:00,15.37
3/28/2012 16:00,15.18
3/29/2012 16:00,15.08
3/30/2012 16:00,15.28
4/2/2012 16:00,15.4
4/3/2012 16:00,15.22
4/4/2012 16:00,15
4/5/2012 16:00,15.24
4/9/2012 16:00,14.86
4/10/2012 16:00,14.62
4/11/2012 16:00,14.79
4/12/2012 16:00,14.92
4/13/2012 16:00,15.1
4/16/2012 16:00,15.1
4/17/2012 16:00,15.21
4/18/2012 16:00,15.28
4/19/2012 16:00,15.25
4/20/2012 16:00,15.11
4/23/2012 16:00,14.89
4/24/2012 16:00,14.86
4/25/2012 16:00,14.91
4/26/2012 16:00,15.82
4/27/2012 16:00,16.15
4/30/2012 16:00,15.58
5/1/2012 16:00,15.53
5/2/2012 16:00,16.1
5/3/2012 16:00,15.7
5/4/2012 16:00,15.44
5/7/2012 16:00,15.42
5/8/2012 16:00,15.16
5/9/2012 16:00,15.13
5/10/2012 16:00,15.39
5/11/2012 16:00,15.39
5/14/2012 16:00,15.08
5/15/2012 16:00,14.79
5/16/2012 16:00,14.92
5/17/2012 16:00,14.7
5/18/2012 16:00,14.28
5/21/2012 16:00,14.42
5/22/2012 16:00,14.4
5/23/2012 16:00,14.08
5/24/2012 16:00,13.96
5/25/2012 16:00,13.98
5/29/2012 16:00,14.15
5/30/2012 16:00,13.93
5/31/2012 16:00,13.73
6/1/2012 16:00,13.06
6/4/2012 16:00,13.02
6/5/2012 16:00,13.21
6/6/2012 16:00,13.5
6/7/2012 16:00,13.54
6/8/2012 16:00,13.46
6/11/2012 16:00,13.41
6/12/2012 16:00,13.7
6/13/2012 16:00,13.55
6/14/2012 16:00,13.47
6/15/2012 16:00,13.67
6/18/2012 16:00,13.96
6/19/2012 16:00,14.11
6/20/2012 16:00,14.13
6/21/2012 16:00,13.58
6/22/2012 16:00,13.83
6/25/2012 16:00,13.38
6/26/2012 16:00,13.31
6/27/2012 16:00,13.54
6/28/2012 16:00,13.44
6/29/2012 16:00,13.96
7/2/2012 16:00,14.27
7/3/2012 16:00,14.44
7/5/2012 16:00,13.65
7/6/2012 16:00,13.5
7/9/2012 16:00,13.5
7/10/2012 16:00,13.28
7/11/2012 16:00,13.15
7/12/2012 16:00,12.8
7/13/2012 16:00,12.89
7/16/2012 16:00,12.67
7/17/2012 16:00,12.69
7/18/2012 16:00,13.14
7/19/2012 16:00,12.86
7/20/2012 16:00,12.65
7/23/2012 16:00,12.78
7/24/2012 16:00,12.91
7/25/2012 16:00,13.01
7/26/2012 16:00,13.36
7/27/2012 16:00,13.68
7/30/2012 16:00,13.49
7/31/2012 16:00,13.97
8/1/2012 16:00,13.88
8/2/2012 16:00,13.87
8/3/2012 16:00,14.18
8/6/2012 16:00,14.24
8/7/2012 16:00,14.17
8/8/2012 16:00,14.09
8/9/2012 16:00,14.33
8/10/2012 16:00,14.49
8/13/2012 16:00,14.31
8/14/2012 16:00,14.4
8/15/2012 16:00,14.42
8/16/2012 16:00,14.45
8/17/2012 16:00,14.4
8/20/2012 16:00,14.5
8/21/2012 16:00,14.65
8/22/2012 16:00,14.4
8/23/2012 16:00,14.33
8/24/2012 16:00,14.37
8/27/2012 16:00,14.38
8/28/2012 16:00,14.31
8/29/2012 16:00,14.35
8/30/2012 16:00,14.25
8/31/2012 16:00,14.7
9/4/2012 16:00,14.38
9/5/2012 16:00,14.18
9/6/2012 16:00,14.41
9/7/2012 16:00,14.51
9/10/2012 16:00,14.7
9/11/2012 16:00,14.92
9/12/2012 16:00,14.97
9/13/2012 16:00,15.03
9/14/2012 16:00,15.36
9/17/2012 16:00,14.99
9/18/2012 16:00,15.09
9/19/2012 16:00,15.04
9/20/2012 16:00,14.8
9/21/2012 16:00,14.8
9/24/2012 16:00,14.83
9/25/2012 16:00,14.8
9/26/2012 16:00,14.99
9/27/2012 16:00,15.6
9/28/2012 16:00,15.82
10/1/2012 16:00,15.9
10/2/2012 16:00,16
10/3/2012 16:00,16.05
10/4/2012 16:00,16.16
10/5/2012 16:00,16.07
10/8/2012 16:00,15.53
10/9/2012 16:00,15.36
10/10/2012 16:00,15.12
10/11/2012 16:00,15.03
10/12/2012 16:00,15.12
10/15/2012 16:00,15.29
10/16/2012 16:00,15.45
10/17/2012 16:00,15.6
10/18/2012 16:00,15.55
10/19/2012 16:00,15.22
10/22/2012 16:00,15.33
10/23/2012 16:00,15.22
10/24/2012 16:00,15.15
10/25/2012 16:00,15.38
10/26/2012 16:00,15.5
10/31/2012 16:00,15.9
11/1/2012 16:00,16.11
11/2/2012 16:00,15.77
11/5/2012 16:00,15.88
11/6/2012 16:00,16.2
11/7/2012 16:00,16.17
11/8/2012 16:00,16.13
11/9/2012 16:00,16.36
11/12/2012 16:00,16.45
11/13/2012 16:00,16.18
11/14/2012 16:00,15.92
11/15/2012 16:00,16.05
11/16/2012 16:00,16.19
11/19/2012 16:00,16.34
11/20/2012 16:00,16.25
11/21/2012 16:00,16.26
11/23/2012 16:00,16.84
11/26/2012 16:00,16.62
11/27/2012 16:00,16.83
11/28/2012 16:00,16.9
11/29/2012 16:00,17.13
11/30/2012 16:00,17.27
12/3/2012 16:00,17.08
12/4/2012 16:00,16.75
12/5/2012 16:00,16.96
12/6/2012 16:00,17.05
12/7/2012 16:00,17.03
12/10/2012 16:00,16.88
12/11/2012 16:00,17.19
12/12/2012 16:00,17.06
12/13/2012 16:00,17.11
12/14/2012 16:00,16.95
12/17/2012 16:00,16.94
12/18/2012 16:00,16.98
12/19/2012 16:00,17.09
12/20/2012 16:00,17.1
12/21/2012 16:00,16.95
12/24/2012 16:00,16.93
12/26/2012 16:00,16.92
12/27/2012 16:00,16.98
12/28/2012 16:00,17.13
12/31/2012 16:00,17.16
1/2/2013 16:00,18.1
1/3/2013 16:00,18.09
1/4/2013 16:00,17.96
1/7/2013 16:00,17.7
1/8/2013 16:00,17.54
1/9/2013 16:00,17.54
1/10/2013 16:00,18.18
1/11/2013 16:00,18.15
1/14/2013 16:00,18.01
1/15/2013 16:00,17.89
1/16/2013 16:00,17.8
1/17/2013 16:00,18.26
1/18/2013 16:00,18.14
1/22/2013 16:00,18.16
1/23/2013 16:00,18.27
1/24/2013 16:00,17.81
1/25/2013 16:00,17.75
1/28/2013 16:00,17.52
1/29/2013 16:00,17.76
1/30/2013 16:00,17.8
1/31/2013 16:00,17.74
2/1/2013 16:00,18.07
2/4/2013 16:00,17.9
2/5/2013 16:00,18.18
2/6/2013 16:00,18.04
2/7/2013 16:00,18.3
2/8/2013 16:00,18.45
2/11/2013 16:00,18.48
2/12/2013 16:00,18.5
2/13/2013 16:00,18.41
2/14/2013 16:00,18.57
2/15/2013 16:00,18.53
2/19/2013 16:00,19.15
2/20/2013 16:00,18.89
2/21/2013 16:00,18.69
2/22/2013 16:00,18.9
2/25/2013 16:00,18.25
2/26/2013 16:00,17.81
2/27/2013 16:00,18.18
2/28/2013 16:00,18.25
3/1/2013 16:00,18.25
3/4/2013 16:00,18.14
3/5/2013 16:00,18.33
3/6/2013 16:00,18.12
3/7/2013 16:00,18.05
3/8/2013 16:00,17.91
3/11/2013 16:00,17.72
3/12/2013 16:00,17.73
3/13/2013 16:00,18
3/14/2013 16:00,18.05
3/15/2013 16:00,17.64
3/18/2013 16:00,17.24
3/19/2013 16:00,17.08
3/20/2013 16:00,17.25
3/21/2013 16:00,16.89
3/22/2013 16:00,17.07
3/25/2013 16:00,16.95
3/26/2013 16:00,17.07
3/27/2013 16:00,17.17
3/28/2013 16:00,17.19
4/1/2013 16:00,17.08
4/2/2013 16:00,17.11
4/3/2013 16:00,16.74
4/4/2013 16:00,16.83
4/5/2013 16:00,16.73
4/8/2013 16:00,16.84
4/9/2013 16:00,16.95
4/10/2013 16:00,17.19
4/11/2013 16:00,17.34
4/12/2013 16:00,17.31
4/15/2013 16:00,16.89
4/16/2013 16:00,17.24
4/17/2013 16:00,17.08
4/18/2013 16:00,17.94
4/19/2013 16:00,18.8
4/22/2013 16:00,18.5
4/23/2013 16:00,18.28
4/24/2013 16:00,18.44
4/25/2013 16:00,18.69
4/26/2013 16:00,18.53
4/29/2013 16:00,18.83
4/30/2013 16:00,19.08
5/1/2013 16:00,19.11
5/2/2013 16:00,19.53
5/3/2013 16:00,19.41
5/6/2013 16:00,19.55
5/7/2013 16:00,19.47
5/8/2013 16:00,20.21
5/9/2013 16:00,20.21
5/10/2013 16:00,20.17
5/13/2013 16:00,19.93
5/14/2013 16:00,19.89
5/15/2013 16:00,19.8
5/16/2013 16:00,19.45
5/17/2013 16:00,19.51
5/20/2013 16:00,19.37
5/21/2013 16:00,19.23
5/22/2013 16:00,18.89
5/23/2013 16:00,18.75
5/24/2013 16:00,18.86
5/28/2013 16:00,19.05
5/29/2013 16:00,19.24
5/30/2013 16:00,18.97
5/31/2013 16:00,18.66
6/3/2013 16:00,18.71
6/4/2013 16:00,18.94
6/5/2013 16:00,18.66
6/6/2013 16:00,18.6
6/7/2013 16:00,18.69
6/10/2013 16:00,18.81
6/11/2013 16:00,18.52
6/12/2013 16:00,18.36
6/13/2013 16:00,18.27
6/14/2013 16:00,17.99
6/17/2013 16:00,18.12
6/18/2013 16:00,18.43
6/19/2013 16:00,17.99
6/20/2013 16:00,17.41
6/21/2013 16:00,17.18
6/24/2013 16:00,16.93
6/25/2013 16:00,17.53
6/26/2013 16:00,17.64
6/27/2013 16:00,17.93
6/28/2013 16:00,18.32
7/1/2013 16:00,18.45
7/2/2013 16:00,18.5
7/3/2013 16:00,18.12
7/5/2013 16:00,18.21
7/8/2013 16:00,17.6
7/9/2013 16:00,17.84
7/10/2013 16:00,17.84
7/11/2013 16:00,18.54
7/12/2013 16:00,18.44
7/15/2013 16:00,18.4
7/16/2013 16:00,18.43
7/17/2013 16:00,18.45
7/18/2013 16:00,16.81
7/19/2013 16:00,16.49
7/22/2013 16:00,16.62
7/23/2013 16:00,16.74
7/24/2013 16:00,17.02
7/25/2013 16:00,17.18
7/26/2013 16:00,16.9
7/29/2013 16:00,16.7
7/30/2013 16:00,16.97
7/31/2013 16:00,16.98
8/1/2013 16:00,17.25
8/2/2013 16:00,16.8
8/5/2013 16:00,16.82
8/6/2013 16:00,16.59
8/7/2013 16:00,16.17
8/8/2013 16:00,16.22
8/9/2013 16:00,16.21
8/12/2013 16:00,16.05
8/13/2013 16:00,16.27
8/14/2013 16:00,16.06
8/15/2013 16:00,16
8/16/2013 16:00,15.97
8/19/2013 16:00,15.81
8/20/2013 16:00,15.83
8/21/2013 16:00,15.75
8/22/2013 16:00,16.06
8/23/2013 16:00,16.22
8/26/2013 16:00,16.26
8/27/2013 16:00,15.98
8/28/2013 16:00,16.26
8/29/2013 16:00,16.67
8/30/2013 16:00,16.56
9/3/2013 16:00,16.9
9/4/2013 16:00,16.86
9/5/2013 16:00,17.18
9/6/2013 16:00,17.01
9/9/2013 16:00,17.3
9/10/2013 16:00,17.48
9/11/2013 16:00,17.44
9/12/2013 16:00,17.28
9/13/2013 16:00,17.33
9/16/2013 16:00,17.62
9/17/2013 16:00,17.68
9/18/2013 16:00,17.61
9/19/2013 16:00,17.6
9/20/2013 16:00,17.31
9/23/2013 16:00,17.65
9/24/2013 16:00,17.56
9/25/2013 16:00,17.32
9/26/2013 16:00,17.32
9/27/2013 16:00,17.07
9/30/2013 16:00,16.96
10/1/2013 16:00,17.42
10/2/2013 16:00,17.47
10/3/2013 16:00,17.7
10/4/2013 16:00,17.68
10/7/2013 16:00,17.62
10/8/2013 16:00,17.46
10/9/2013 16:00,17.26
10/10/2013 16:00,17.67
10/11/2013 16:00,18.09
10/14/2013 16:00,18.01
10/15/2013 16:00,18.15
10/16/2013 16:00,18.28
10/17/2013 16:00,18.65
10/18/2013 16:00,19.08
10/21/2013 16:00,18.98
10/22/2013 16:00,19.16
10/23/2013 16:00,18.72
10/24/2013 16:00,18.68
10/25/2013 16:00,18.47
10/28/2013 16:00,18.61
10/29/2013 16:00,18.77
10/30/2013 16:00,18.58
10/31/2013 16:00,18.41
11/1/2013 16:00,18.47
11/4/2013 16:00,18.34
11/5/2013 16:00,18.08
11/6/2013 16:00,18.27
11/7/2013 16:00,18.13
11/8/2013 16:00,18.01
11/11/2013 16:00,17.73
11/12/2013 16:00,17.81
11/13/2013 16:00,17.61
11/14/2013 16:00,17.5
11/15/2013 16:00,17.66
11/18/2013 16:00,17.7
11/19/2013 16:00,17.57
11/20/2013 16:00,17.55
11/21/2013 16:00,17.02
11/22/2013 16:00,17.13
11/25/2013 16:00,17.17
11/26/2013 16:00,17.46
11/27/2013 16:00,17.58
11/29/2013 16:00,17.73
12/2/2013 16:00,17.4
12/3/2013 16:00,17.53
12/4/2013 16:00,17.54
12/5/2013 16:00,17.4
12/6/2013 16:00,17.62
12/9/2013 16:00,17.57
12/10/2013 16:00,17.37
12/11/2013 16:00,17.48
12/12/2013 16:00,17.12
12/13/2013 16:00,17.08
12/16/2013 16:00,17.11
12/17/2013 16:00,17.08
12/18/2013 16:00,17
12/19/2013 16:00,17.05
12/20/2013 16:00,16.99
12/23/2013 16:00,17.14
12/24/2013 16:00,17.19
12/26/2013 16:00,17.18
12/27/2013 16:00,17.26
12/30/2013 16:00,17.58
12/31/2013 16:00,17.44
1/2/2014 16:00,17.15
1/3/2014 16:00,16.95
1/6/2014 16:00,16.9
1/7/2014 16:00,16.91
1/8/2014 16:00,17.09
1/9/2014 16:00,16.76
1/10/2014 16:00,16.9
1/13/2014 16:00,16.91
1/14/2014 16:00,17.38
1/15/2014 16:00,17.56
1/16/2014 16:00,18.15
1/17/2014 16:00,17.77
1/21/2014 16:00,17.69
1/22/2014 16:00,17.96
1/23/2014 16:00,17.7
1/24/2014 16:00,17.57
1/27/2014 16:00,17.15
1/28/2014 16:00,17.16
1/29/2014 16:00,17.01
1/30/2014 16:00,17.14
1/31/2014 16:00,16.92
2/3/2014 16:00,16.77
2/4/2014 16:00,16.74
2/5/2014 16:00,16.46
2/6/2014 16:00,16.99
2/7/2014 16:00,17.16
2/10/2014 16:00,17.26
2/11/2014 16:00,17.39
2/12/2014 16:00,17.38
2/13/2014 16:00,17.45
2/14/2014 16:00,17.89
2/18/2014 16:00,17.79
2/19/2014 16:00,17.76
2/20/2014 16:00,17.69
2/21/2014 16:00,17.74
2/24/2014 16:00,17.69
2/25/2014 16:00,17.62
2/26/2014 16:00,17.83
2/27/2014 16:00,18.01
2/28/2014 16:00,18.07
3/3/2014 16:00,18.03
3/4/2014 16:00,18.04
3/5/2014 16:00,18.39
3/6/2014 16:00,18.87
3/7/2014 16:00,18.77
3/10/2014 16:00,18.96
3/11/2014 16:00,18.77
3/12/2014 16:00,19.43
3/13/2014 16:00,19.27
3/14/2014 16:00,18.9
3/17/2014 16:00,19.11
3/18/2014 16:00,19.18
3/19/2014 16:00,18.88
3/20/2014 16:00,18.85
3/21/2014 16:00,18.53
3/24/2014 16:00,18.64
3/25/2014 16:00,19.12
3/26/2014 16:00,19.09
3/27/2014 16:00,19.42
3/28/2014 16:00,19.64
3/31/2014 16:00,20.02
4/1/2014 16:00,20.32
4/2/2014 16:00,20.04
4/3/2014 16:00,19.94
4/4/2014 16:00,19.77
4/7/2014 16:00,19.74
4/8/2014 16:00,19.98
4/9/2014 16:00,20.15
4/10/2014 16:00,19.82
4/11/2014 16:00,19.89
4/14/2014 16:00,20.26
4/15/2014 16:00,20.51
4/16/2014 16:00,20.15
4/17/2014 16:00,20.72
4/21/2014 16:00,20.56
4/22/2014 16:00,20.56
4/23/2014 16:00,20.41
4/24/2014 16:00,20.56
4/25/2014 16:00,19.91
4/28/2014 16:00,20.3
4/29/2014 16:00,20.1
4/30/2014 16:00,20.1
5/1/2014 16:00,19.77
5/2/2014 16:00,19.62
5/5/2014 16:00,19.66
5/6/2014 16:00,20
5/7/2014 16:00,20.33
5/8/2014 16:00,20.51
5/9/2014 16:00,20.41
5/12/2014 16:00,20.59
5/13/2014 16:00,20.64
5/14/2014 16:00,20.58
5/15/2014 16:00,20.66
5/16/2014 16:00,20.77
5/19/2014 16:00,20.66
5/20/2014 16:00,20.51
5/21/2014 16:00,20.5
5/22/2014 16:00,20.64
5/23/2014 16:00,20.66
5/27/2014 16:00,20.89
5/28/2014 16:00,20.86
5/29/2014 16:00,20.7
5/30/2014 16:00,20.56
6/2/2014 16:00,20.66
6/3/2014 16:00,21.24
6/4/2014 16:00,21.1
6/5/2014 16:00,21.2
6/6/2014 16:00,21.09
6/9/2014 16:00,21.21
6/10/2014 16:00,21.3
6/11/2014 16:00,21.13
6/12/2014 16:00,21.11
6/13/2014 16:00,21.09
6/16/2014 16:00,21.21
6/17/2014 16:00,21.26
6/18/2014 16:00,21.35
6/19/2014 16:00,21.69
6/20/2014 16:00,21.15
6/23/2014 16:00,20.85
6/24/2014 16:00,20.78
6/25/2014 16:00,21.03
6/26/2014 16:00,21.02
6/27/2014 16:00,21.28
6/30/2014 16:00,21.39
7/1/2014 16:00,21.97
7/2/2014 16:00,22.38
7/3/2014 16:00,22.71
7/7/2014 16:00,22.67
7/8/2014 16:00,22.57
7/9/2014 16:00,22.42
7/10/2014 16:00,22.95
7/11/2014 16:00,22.81
7/14/2014 16:00,22.66
7/15/2014 16:00,22.47
7/16/2014 16:00,20.93
7/17/2014 16:00,20.2
7/18/2014 16:00,20.48
7/21/2014 16:00,20.43
7/22/2014 16:00,20.71
7/23/2014 16:00,20.68
7/24/2014 16:00,20.89
7/25/2014 16:00,20.35
7/28/2014 16:00,20.37
7/29/2014 16:00,20.54
7/30/2014 16:00,20.72
7/31/2014 16:00,20
8/1/2014 16:00,20.2
8/4/2014 16:00,20.51
8/5/2014 16:00,19.8
8/6/2014 16:00,20.04
8/7/2014 16:00,19.91
8/8/2014 16:00,19.79
8/11/2014 16:00,20.05
8/12/2014 16:00,19.99
8/13/2014 16:00,20.33
8/14/2014 16:00,20.53
8/15/2014 16:00,20.45
8/18/2014 16:00,20.47
8/19/2014 16:00,20.74
8/20/2014 16:00,20.84
8/21/2014 16:00,20.62
8/22/2014 16:00,20.83
8/25/2014 16:00,20.68
8/26/2014 16:00,20.8
8/27/2014 16:00,20.91
8/28/2014 16:00,20.91
8/29/2014 16:00,20.94
9/2/2014 16:00,21.08
9/3/2014 16:00,21.35
9/4/2014 16:00,21.19
9/5/2014 16:00,21.18
9/8/2014 16:00,21.07
9/9/2014 16:00,21.05
9/10/2014 16:00,21.03
9/11/2014 16:00,20.9
9/12/2014 16:00,20.34
9/15/2014 16:00,20.24
9/16/2014 16:00,20.48
9/17/2014 16:00,20.62
9/18/2014 16:00,20.92
9/19/2014 16:00,20.52
9/22/2014 16:00,20.36
9/23/2014 16:00,20.34
9/24/2014 16:00,20.59
9/25/2014 16:00,20.11
9/26/2014 16:00,20.14
9/29/2014 16:00,19.95
9/30/2014 16:00,20.18
10/1/2014 16:00,20.1
10/2/2014 16:00,20.29
10/3/2014 16:00,20.83
10/6/2014 16:00,20.82
10/7/2014 16:00,20.38
10/8/2014 16:00,20.6
10/9/2014 16:00,20.47
10/10/2014 16:00,19.44
10/13/2014 16:00,19.67
10/14/2014 16:00,20.14
10/15/2014 16:00,20.07
10/16/2014 16:00,20.72
10/17/2014 16:00,20.72
10/20/2014 16:00,20.87
10/21/2014 16:00,21.39
10/22/2014 16:00,21.24
10/23/2014 16:00,21.3
10/24/2014 16:00,21.18
10/27/2014 16:00,21.36
10/28/2014 16:00,21.59
10/29/2014 16:00,21.59
10/30/2014 16:00,21.11
10/31/2014 16:00,22.02
11/3/2014 16:00,21.9
11/4/2014 16:00,21.95
11/5/2014 16:00,22.03
11/6/2014 16:00,21.8
11/7/2014 16:00,21.82
11/10/2014 16:00,22.26
11/11/2014 16:00,22.2
11/12/2014 16:00,22.05
11/13/2014 16:00,22.34
11/14/2014 16:00,22.4
11/17/2014 16:00,21.91
11/18/2014 16:00,22.05
11/19/2014 16:00,22.53
11/20/2014 16:00,22.76
11/21/2014 16:00,23.06
11/24/2014 16:00,22.94
11/25/2014 16:00,22.91
11/26/2014 16:00,23.18
11/28/2014 16:00,23.47
12/1/2014 16:00,22.94
12/2/2014 16:00,22.57
12/3/2014 16:00,22.93
12/4/2014 16:00,22.82
12/5/2014 16:00,22.74
12/8/2014 16:00,22.5
12/9/2014 16:00,22.58
12/10/2014 16:00,22.19
12/11/2014 16:00,22.14
12/12/2014 16:00,21.97
12/15/2014 16:00,21.94
12/16/2014 16:00,21.44
12/17/2014 16:00,21.64
12/18/2014 16:00,21.79
12/19/2014 16:00,22.2
12/22/2014 16:00,22.37
12/23/2014 16:00,22.21
12/24/2014 16:00,22.35
12/26/2014 16:00,22.31
12/29/2014 16:00,22.38
12/30/2014 16:00,22.44
12/31/2014 16:00,22.38
1/2/2015 16:00,22.28
1/5/2015 16:00,21.74
1/6/2015 16:00,21.36
1/7/2015 16:00,21.67
1/8/2015 16:00,21.81
1/9/2015 16:00,21.2
1/12/2015 16:00,20.79
1/13/2015 16:00,21.05
1/14/2015 16:00,21.06
1/15/2015 16:00,22.89
1/16/2015 16:00,22.6
1/20/2015 16:00,23.09
1/21/2015 16:00,23.21
1/22/2015 16:00,23.71
1/23/2015 16:00,23.99
1/26/2015 16:00,24.16
1/27/2015 16:00,24.19
1/28/2015 16:00,23.93
1/29/2015 16:00,23.29
1/30/2015 16:00,22.71
2/2/2015 16:00,22.94
2/3/2015 16:00,23.15
2/4/2015 16:00,23.58
2/5/2015 16:00,23.66
2/6/2015 16:00,23.1
2/9/2015 16:00,22.67
2/10/2015 16:00,23.86
2/11/2015 16:00,24.29
2/12/2015 16:00,24.47
2/13/2015 16:00,24.84
2/17/2015 16:00,24.77
2/18/2015 16:00,24.71
2/19/2015 16:00,24.52
2/20/2015 16:00,24.44
2/23/2015 16:00,24.22
2/24/2015 16:00,25.04
2/25/2015 16:00,25.04
2/26/2015 16:00,24.68
2/27/2015 16:00,24.53
3/2/2015 16:00,24.63
3/3/2015 16:00,24.5
3/4/2015 16:00,24.33
3/5/2015 16:00,24.46
3/6/2015 16:00,24.09
3/9/2015 16:00,23.45
3/10/2015 16:00,23.05
3/11/2015 16:00,23.49
3/12/2015 16:00,23.53
3/13/2015 16:00,23.88
3/16/2015 16:00,24.28
3/17/2015 16:00,24.31
3/18/2015 16:00,24.71
3/19/2015 16:00,24.66
3/20/2015 16:00,24.77
3/23/2015 16:00,24.8
3/24/2015 16:00,24.5
3/25/2015 16:00,23.18
3/26/2015 16:00,23.2
3/27/2015 16:00,22.94
3/30/2015 16:00,23.25
3/31/2015 16:00,23.48
4/1/2015 16:00,23.23
4/2/2015 16:00,23.69
4/6/2015 16:00,23.54
4/7/2015 16:00,23.39
4/8/2015 16:00,23.2
4/9/2015 16:00,23.44
4/10/2015 16:00,23.5
4/13/2015 16:00,23.33
4/14/2015 16:00,23.18
4/15/2015 16:00,23.51
4/16/2015 16:00,23.24
4/17/2015 16:00,23.22
4/20/2015 16:00,23.27
4/21/2015 16:00,23.33
4/22/2015 16:00,23.84
4/23/2015 16:00,24.3
4/24/2015 16:00,24.91
4/27/2015 16:00,25.41
4/28/2015 16:00,25.01
4/29/2015 16:00,24.79
4/30/2015 16:00,24.44
5/1/2015 16:00,24.74
5/4/2015 16:00,24.32
5/5/2015 16:00,24.29
5/6/2015 16:00,24.45
5/7/2015 16:00,24.37
5/8/2015 16:00,24.55
5/11/2015 16:00,24.37
5/12/2015 16:00,24.38
5/13/2015 16:00,24.44
5/14/2015 16:00,24.41
5/15/2015 16:00,24.56
5/18/2015 16:00,24.41
5/19/2015 16:00,24.59
5/20/2015 16:00,24.58
5/21/2015 16:00,24.24
5/22/2015 16:00,24.2
5/26/2015 16:00,24.26
5/27/2015 16:00,24.6
5/28/2015 16:00,24.45
5/29/2015 16:00,24.28
6/1/2015 16:00,24.14
6/2/2015 16:00,23.67
6/3/2015 16:00,23.66
6/4/2015 16:00,22.98
6/5/2015 16:00,22.86
6/8/2015 16:00,22.65
6/9/2015 16:00,22.83
6/10/2015 16:00,23.33
6/11/2015 16:00,23.51
6/12/2015 16:00,23.67
6/15/2015 16:00,23.26
6/16/2015 16:00,23.58
6/17/2015 16:00,23.6
6/18/2015 16:00,23.76
6/19/2015 16:00,23.4
6/22/2015 16:00,23.84
6/23/2015 16:00,23.93
6/24/2015 16:00,23.9
6/25/2015 16:00,24.08
6/26/2015 16:00,23.63
6/29/2015 16:00,22.38
6/30/2015 16:00,22.71
7/1/2015 16:00,22.93
7/2/2015 16:00,23.15
7/6/2015 16:00,22.94
7/7/2015 16:00,22.96
7/8/2015 16:00,22.23
7/9/2015 16:00,22.22
7/10/2015 16:00,22.57
7/13/2015 16:00,22.86
7/14/2015 16:00,22.8
7/15/2015 16:00,22.56
7/16/2015 16:00,22.73
7/17/2015 16:00,23.03
7/20/2015 16:00,22.9
7/21/2015 16:00,22.88
7/22/2015 16:00,22.22
7/23/2015 16:00,22.31
7/24/2015 16:00,21.64
7/27/2015 16:00,21.63
7/28/2015 16:00,21.88
7/29/2015 16:00,22.11
7/30/2015 16:00,22.7
7/31/2015 16:00,22.11
8/3/2015 16:00,21.72
8/4/2015 16:00,21.45
8/5/2015 16:00,21.61
8/6/2015 16:00,21.28
8/7/2015 16:00,21.03
8/10/2015 16:00,21.61
8/11/2015 16:00,20.83
8/12/2015 16:00,20.75
8/13/2015 16:00,20.54
8/14/2015 16:00,20.38
8/17/2015 16:00,20.28
8/18/2015 16:00,20.03
8/19/2015 16:00,19.91
8/20/2015 16:00,19.61
8/21/2015 16:00,18.88
8/24/2015 16:00,18.76
8/25/2015 16:00,18.76
8/26/2015 16:00,19.45
8/27/2015 16:00,19.94
8/28/2015 16:00,20
8/31/2015 16:00,19.88
9/1/2015 16:00,19.41
9/2/2015 16:00,19.94
9/3/2015 16:00,20.07
9/4/2015 16:00,19.67
9/8/2015 16:00,20.05
9/9/2015 16:00,19.88
9/10/2015 16:00,19.7
9/11/2015 16:00,19.9
9/14/2015 16:00,20.04
9/15/2015 16:00,20.39
9/16/2015 16:00,20.67
9/17/2015 16:00,20.66
9/18/2015 16:00,20.61
9/21/2015 16:00,20.53
9/22/2015 16:00,19.95
9/23/2015 16:00,20.01
9/24/2015 16:00,19.99
9/25/2015 16:00,20.05
9/28/2015 16:00,19.63
9/29/2015 16:00,19.89
9/30/2015 16:00,20.75
10/1/2015 16:00,20.86
10/2/2015 16:00,20.76
10/5/2015 16:00,21.4
10/6/2015 16:00,21.23
10/7/2015 16:00,21.93
10/8/2015 16:00,22.25
10/9/2015 16:00,21.95
10/12/2015 16:00,22.09
10/13/2015 16:00,21.94
10/14/2015 16:00,22.34
10/15/2015 16:00,21.95
10/16/2015 16:00,22.16
10/19/2015 16:00,22.23
10/20/2015 16:00,22.31
10/21/2015 16:00,22.22
10/22/2015 16:00,22.51
10/23/2015 16:00,22.47
10/26/2015 16:00,22.16
10/27/2015 16:00,22.2
10/28/2015 16:00,22.08
10/29/2015 16:00,21.82
10/30/2015 16:00,21.96
11/2/2015 16:00,22.1
11/3/2015 16:00,22.77
11/4/2015 16:00,23.55
11/5/2015 16:00,22.98
11/6/2015 16:00,22.82
11/9/2015 16:00,22.96
11/10/2015 16:00,22.51
11/11/2015 16:00,22.58
11/12/2015 16:00,22.24
11/13/2015 16:00,21.89
11/16/2015 16:00,22.35
11/17/2015 16:00,22.52
11/18/2015 16:00,22.52
11/19/2015 16:00,22.67
11/20/2015 16:00,22.83
11/23/2015 16:00,22.57
11/24/2015 16:00,22.5
11/25/2015 16:00,22.56
11/27/2015 16:00,22.45
11/30/2015 16:00,22.76
12/1/2015 16:00,23.28
12/2/2015 16:00,23.19
12/3/2015 16:00,22.93
12/4/2015 16:00,23.31
12/7/2015 16:00,23.24
12/8/2015 16:00,23.08
12/9/2015 16:00,22.73
12/10/2015 16:00,22.65
12/11/2015 16:00,22.18
12/14/2015 16:00,22.22
12/15/2015 16:00,22.82
12/16/2015 16:00,23.16
12/17/2015 16:00,22.96
12/18/2015 16:00,22.93
12/21/2015 16:00,22.95
12/22/2015 16:00,23.06
12/23/2015 16:00,23.08
12/24/2015 16:00,23.15
12/28/2015 16:00,23.01
12/29/2015 16:00,23.08
12/30/2015 16:00,22.88
12/31/2015 16:00,22.75
1/4/2016 16:00,22.09
1/5/2016 16:00,21.95
1/6/2016 16:00,21.34
1/7/2016 16:00,21.1
1/8/2016 16:00,20.81
1/11/2016 16:00,20.93
1/12/2016 16:00,20.75
1/13/2016 16:00,20.48
1/14/2016 16:00,21.82
1/15/2016 16:00,21.1
1/19/2016 16:00,21.66
1/20/2016 16:00,21.09
1/21/2016 16:00,21.33
1/22/2016 16:00,21.93
1/25/2016 16:00,21.79
1/26/2016 16:00,21.59
1/27/2016 16:00,21.68
1/28/2016 16:00,21.63
1/29/2016 16:00,22.35
2/1/2016 16:00,22.46
2/2/2016 16:00,22.56
2/3/2016 16:00,22.92
2/4/2016 16:00,23.23
2/5/2016 16:00,22.75
2/8/2016 16:00,22.8
2/9/2016 16:00,22.56
2/10/2016 16:00,22.3
2/11/2016 16:00,22
2/12/2016 16:00,22.24
2/16/2016 16:00,23.34
2/17/2016 16:00,23.64
2/18/2016 16:00,23.8
2/19/2016 16:00,23.78
2/22/2016 16:00,23.96
2/23/2016 16:00,23.4
2/24/2016 16:00,23.42
2/25/2016 16:00,23.69
2/26/2016 16:00,23.77
2/29/2016 16:00,23.55
3/1/2016 16:00,24.58
3/2/2016 16:00,24.62
3/3/2016 16:00,24.56
3/4/2016 16:00,24.65
3/7/2016 16:00,24.7
3/8/2016 16:00,24.65
3/9/2016 16:00,24.74
3/10/2016 16:00,24.74
3/11/2016 16:00,25.35
3/14/2016 16:00,25.22
3/15/2016 16:00,24.88
3/16/2016 16:00,25.78
3/17/2016 16:00,25.77
3/18/2016 16:00,26.04
3/21/2016 16:00,25.93
3/22/2016 16:00,25.81
3/23/2016 16:00,25.68
3/24/2016 16:00,25.73
3/28/2016 16:00,25.63
3/29/2016 16:00,25.97
3/30/2016 16:00,26.46
3/31/2016 16:00,26.2
4/1/2016 16:00,26.12
4/4/2016 16:00,25.85
4/5/2016 16:00,25.51
4/6/2016 16:00,25.62
4/7/2016 16:00,25.37
4/8/2016 16:00,25.28
4/11/2016 16:00,25.51
4/12/2016 16:00,25.57
4/13/2016 16:00,26.17
4/14/2016 16:00,25.3
4/15/2016 16:00,25.46
4/18/2016 16:00,25.5
4/19/2016 16:00,25.16
4/20/2016 16:00,25.12
4/21/2016 16:00,25.16
4/22/2016 16:00,25.07
4/25/2016 16:00,25.01
4/26/2016 16:00,25.01
4/27/2016 16:00,25.25
4/28/2016 16:00,24.16
4/29/2016 16:00,23.59
5/2/2016 16:00,23.69
5/3/2016 16:00,23.32
5/4/2016 16:00,23.42
5/5/2016 16:00,23.5
5/6/2016 16:00,23.41
5/9/2016 16:00,23.37
5/10/2016 16:00,23.39
5/11/2016 16:00,23.22
5/12/2016 16:00,22.99
5/13/2016 16:00,22.82
5/16/2016 16:00,23.11
5/17/2016 16:00,22.95
5/18/2016 16:00,23.52
5/19/2016 16:00,23.25
5/20/2016 16:00,23.91
5/23/2016 16:00,24.27
5/24/2016 16:00,24.47
5/25/2016 16:00,24.62
5/26/2016 16:00,24.79
5/27/2016 16:00,24.8
5/31/2016 16:00,24.72
6/1/2016 16:00,25.25
6/2/2016 16:00,25.18
6/3/2016 16:00,25.53
6/6/2016 16:00,25.47
6/7/2016 16:00,26.06
6/8/2016 16:00,26.33
6/9/2016 16:00,26.23
6/10/2016 16:00,25.86
6/13/2016 16:00,25.63
6/14/2016 16:00,25.57
6/15/2016 16:00,25.84
6/16/2016 16:00,25.86
6/17/2016 16:00,25.85
6/20/2016 16:00,26.37
6/21/2016 16:00,26.59
6/22/2016 16:00,26.54
6/23/2016 16:00,26.81
6/24/2016 16:00,25.68
6/27/2016 16:00,24.9
6/28/2016 16:00,25.26
6/29/2016 16:00,25.8
6/30/2016 16:00,26.23
7/1/2016 16:00,26.53
7/5/2016 16:00,26.26
7/6/2016 16:00,26.15
7/7/2016 16:00,26.31
7/8/2016 16:00,26.73
7/11/2016 16:00,27.2
7/12/2016 16:00,26.97
7/13/2016 16:00,26.89
7/14/2016 16:00,27.11
7/15/2016 16:00,27.01
7/18/2016 16:00,27.64
7/19/2016 16:00,27.27
7/20/2016 16:00,27.55
7/21/2016 16:00,27.48
7/22/2016 16:00,27.74
7/25/2016 16:00,27.86
7/26/2016 16:00,28.33
7/27/2016 16:00,28.1
7/28/2016 16:00,28.14
7/29/2016 16:00,27.78
8/1/2016 16:00,28.62
8/2/2016 16:00,28.16
8/3/2016 16:00,28.16
8/4/2016 16:00,28.4
8/5/2016 16:00,28.79
8/8/2016 16:00,29.09
8/9/2016 16:00,29.4
8/10/2016 16:00,29.22
8/11/2016 16:00,29.14
8/12/2016 16:00,29.24
8/15/2016 16:00,29.39
8/16/2016 16:00,29.08
8/17/2016 16:00,28.98
8/18/2016 16:00,29.16
8/19/2016 16:00,28.64
8/22/2016 16:00,28.4
8/23/2016 16:00,28.5
8/24/2016 16:00,28.39
8/25/2016 16:00,28.6
8/26/2016 16:00,28.64
8/29/2016 16:00,28.7
8/30/2016 16:00,28.62
8/31/2016 16:00,28.74
9/1/2016 16:00,28.96
9/2/2016 16:00,29.14
9/6/2016 16:00,29.49
9/7/2016 16:00,29.82
9/8/2016 16:00,29.79
9/9/2016 16:00,28.59
9/12/2016 16:00,28.99
9/13/2016 16:00,28.49
9/14/2016 16:00,28.62
9/15/2016 16:00,29.18
9/16/2016 16:00,28.91
9/19/2016 16:00,29.93
9/20/2016 16:00,29.9
9/21/2016 16:00,30.5
9/22/2016 16:00,30.66
9/23/2016 16:00,30.12
9/26/2016 16:00,29.84
9/27/2016 16:00,30.4
9/28/2016 16:00,30.33
9/29/2016 16:00,30.4
9/30/2016 16:00,30.59
10/3/2016 16:00,30.72
10/4/2016 16:00,30.39
10/5/2016 16:00,30.53
10/6/2016 16:00,30.77
10/7/2016 16:00,31.18
10/10/2016 16:00,31.28
10/11/2016 16:00,30.73
10/12/2016 16:00,31.35
10/13/2016 16:00,30.53
10/14/2016 16:00,30.66
10/17/2016 16:00,30.57
10/18/2016 16:00,30.86
10/19/2016 16:00,30.98
10/20/2016 16:00,31.06
10/21/2016 16:00,31.08
10/24/2016 16:00,31.41
10/25/2016 16:00,31.55
10/26/2016 16:00,31.21
10/27/2016 16:00,30.77
10/28/2016 16:00,30.77
10/31/2016 16:00,31.1
11/1/2016 16:00,30.71
11/2/2016 16:00,30.39
11/3/2016 16:00,30.28
11/4/2016 16:00,30.24
11/7/2016 16:00,31.35
11/8/2016 16:00,31.34
11/9/2016 16:00,30.59
11/10/2016 16:00,29.44
11/11/2016 16:00,29.93
11/14/2016 16:00,28.85
11/15/2016 16:00,29.2
11/16/2016 16:00,29.86
11/17/2016 16:00,29.47
11/18/2016 16:00,29.47
11/21/2016 16:00,29.65
11/22/2016 16:00,29.91
11/23/2016 16:00,29.89
11/25/2016 16:00,29.66
11/28/2016 16:00,29.66
11/29/2016 16:00,29.55
11/30/2016 16:00,29.69
12/1/2016 16:00,28.55
12/2/2016 16:00,28.86
12/5/2016 16:00,29.02
12/6/2016 16:00,29.51
12/7/2016 16:00,29.93
12/8/2016 16:00,30.04
12/9/2016 16:00,30.12
12/12/2016 16:00,29.9
12/13/2016 16:00,30.36
12/14/2016 16:00,29.87
12/15/2016 16:00,30.16
12/16/2016 16:00,29.48
12/19/2016 16:00,29.27
12/20/2016 16:00,29.31
12/21/2016 16:00,29.14
12/22/2016 16:00,28.74
12/23/2016 16:00,29.05
12/27/2016 16:00,29.1
12/28/2016 16:00,29.12
12/29/2016 16:00,29.13
12/30/2016 16:00,28.75
1/3/2017 16:00,29.31
1/4/2017 16:00,29.3
1/5/2017 16:00,29.8
1/6/2017 16:00,29.63
1/9/2017 16:00,30.04
1/10/2017 16:00,30.07
1/11/2017 16:00,30.17
1/12/2017 16:00,29.29
1/13/2017 16:00,29.44
1/17/2017 16:00,29.62
1/18/2017 16:00,29.49
1/19/2017 16:00,29.63
1/20/2017 16:00,30.07
1/23/2017 16:00,30.33
1/24/2017 16:00,30.82
1/25/2017 16:00,31.31
1/26/2017 16:00,31.11
1/27/2017 16:00,31.25
1/30/2017 16:00,31.19
1/31/2017 16:00,30.91
2/1/2017 16:00,31.08
2/2/2017 16:00,30.78
2/3/2017 16:00,30.97
2/6/2017 16:00,30.87
2/7/2017 16:00,30.52
2/8/2017 16:00,30.33
2/9/2017 16:00,30.21
2/10/2017 16:00,30.71
2/13/2017 16:00,31.69
2/14/2017 16:00,31.33
2/15/2017 16:00,31.75
2/16/2017 16:00,32.32
2/17/2017 16:00,32.34
2/21/2017 16:00,32.33
2/22/2017 16:00,32.07
2/23/2017 16:00,31.75
2/24/2017 16:00,31.92
2/27/2017 16:00,31.53
2/28/2017 16:00,31.47
3/1/2017 16:00,31.58
3/2/2017 16:00,30.87
3/3/2017 16:00,30.85
3/6/2017 16:00,30.85
3/7/2017 16:00,31.31
3/8/2017 16:00,31.22
3/9/2017 16:00,30.98
3/10/2017 16:00,31.06
3/13/2017 16:00,31.5
3/14/2017 16:00,31.21
3/15/2017 16:00,31.91
3/16/2017 16:00,32.41
3/17/2017 16:00,32.59
3/20/2017 16:00,32.85
3/21/2017 16:00,32.48
3/22/2017 16:00,32.69
3/23/2017 16:00,32.56
3/24/2017 16:00,32.81
3/27/2017 16:00,33.17
3/28/2017 16:00,33.35
3/29/2017 16:00,32.93
3/30/2017 16:00,33.07
3/31/2017 16:00,32.84
4/3/2017 16:00,32.89
4/4/2017 16:00,32.86
4/5/2017 16:00,32.9
4/6/2017 16:00,32.86
4/7/2017 16:00,32.87
4/10/2017 16:00,32.52
4/11/2017 16:00,32.4
4/12/2017 16:00,32.28
4/13/2017 16:00,31.83
4/17/2017 16:00,32.03
4/18/2017 16:00,31.79
4/19/2017 16:00,31.61
4/20/2017 16:00,31.79
4/21/2017 16:00,32.08
4/24/2017 16:00,32.7
4/25/2017 16:00,33.07
4/26/2017 16:00,33
4/27/2017 16:00,33.02
4/28/2017 16:00,33.07
5/1/2017 16:00,33.4
5/2/2017 16:00,33.93
5/3/2017 16:00,34.29
5/4/2017 16:00,34.14
5/5/2017 16:00,34.42
5/8/2017 16:00,34.98
5/9/2017 16:00,35.41
5/10/2017 16:00,35.41
5/11/2017 16:00,35.56
5/12/2017 16:00,35.37
5/15/2017 16:00,35.06
5/16/2017 16:00,35.03
5/17/2017 16:00,34.42
5/18/2017 16:00,34.9
5/19/2017 16:00,35.2
5/22/2017 16:00,35.4
5/23/2017 16:00,35.4
5/24/2017 16:00,35.52
5/25/2017 16:00,35.57
5/26/2017 16:00,35.51
5/30/2017 16:00,35.78
5/31/2017 16:00,35.36
6/1/2017 16:00,35.89
6/2/2017 16:00,36.18
6/5/2017 16:00,36.39
6/6/2017 16:00,36.43
6/7/2017 16:00,36.46
6/8/2017 16:00,36.83
6/9/2017 16:00,35.79
6/12/2017 16:00,35.24
6/13/2017 16:00,35.56
6/14/2017 16:00,35.65
6/15/2017 16:00,35.44
6/16/2017 16:00,35.87
6/19/2017 16:00,36.21
6/20/2017 16:00,36.13
6/21/2017 16:00,36.71
6/22/2017 16:00,36.71
6/23/2017 16:00,36.73
6/26/2017 16:00,36.13
6/27/2017 16:00,35.09
6/28/2017 16:00,35.35
6/29/2017 16:00,34.81
6/30/2017 16:00,34.96
7/3/2017 16:00,34.88
7/5/2017 16:00,34.82
7/6/2017 16:00,34.5
7/7/2017 16:00,34.63
7/10/2017 16:00,35
7/11/2017 16:00,35.38
7/12/2017 16:00,35.69
7/13/2017 16:00,36.15
7/14/2017 16:00,36.25
7/17/2017 16:00,35.91
7/18/2017 16:00,35.87
7/19/2017 16:00,36.41
7/20/2017 16:00,36.1
7/21/2017 16:00,35.85
7/24/2017 16:00,36.22
7/25/2017 16:00,36.1
7/26/2017 16:00,36.22
7/27/2017 16:00,36.18
7/28/2017 16:00,35.86
7/31/2017 16:00,35.96
8/1/2017 16:00,35.84
8/2/2017 16:00,36.07
8/3/2017 16:00,35.79
8/4/2017 16:00,36.03
8/7/2017 16:00,36.79
8/8/2017 16:00,36.7
8/9/2017 16:00,36.46
8/10/2017 16:00,35.34
8/11/2017 16:00,36.14
8/14/2017 16:00,36.05
8/15/2017 16:00,36.42
8/16/2017 16:00,36.34
8/17/2017 16:00,35.79
8/18/2017 16:00,35.86
8/21/2017 16:00,35.98
8/22/2017 16:00,36.52
8/23/2017 16:00,36.58
8/24/2017 16:00,36.83
8/25/2017 16:00,36.85
8/28/2017 16:00,36.77
8/29/2017 16:00,36.88
8/30/2017 16:00,36.93
8/31/2017 16:00,36.97
9/1/2017 16:00,37.22
9/5/2017 16:00,36.85
9/6/2017 16:00,37.27
9/7/2017 16:00,37.54
9/8/2017 16:00,37.5
9/11/2017 16:00,37.84
9/12/2017 16:00,37.86
9/13/2017 16:00,37.53
9/14/2017 16:00,37.38
9/15/2017 16:00,37.65
9/18/2017 16:00,38.07
9/19/2017 16:00,38.3
9/20/2017 16:00,37.82
9/21/2017 16:00,38.24
9/22/2017 16:00,37.77
9/25/2017 16:00,37.07
9/26/2017 16:00,37.14
9/27/2017 16:00,37.25
9/28/2017 16:00,37.05
9/29/2017 16:00,37.55
10/2/2017 16:00,38.13
10/3/2017 16:00,38.44
10/4/2017 16:00,38.27
10/5/2017 16:00,38.46
10/6/2017 16:00,38.46
10/9/2017 16:00,38.77
10/10/2017 16:00,38.97
10/11/2017 16:00,40.35
10/12/2017 16:00,40.44
10/13/2017 16:00,40.82
10/16/2017 16:00,40.89
10/17/2017 16:00,41.25
10/18/2017 16:00,41.5
10/19/2017 16:00,41.07
10/20/2017 16:00,41.12
10/23/2017 16:00,41.21
10/24/2017 16:00,41.32
10/25/2017 16:00,41.16
10/26/2017 16:00,41.2
10/27/2017 16:00,42.15
10/30/2017 16:00,42.13
10/31/2017 16:00,42.33
11/1/2017 16:00,42.1
11/2/2017 16:00,42.15
11/3/2017 16:00,42.19
11/6/2017 16:00,42.43
11/7/2017 16:00,42.51
11/8/2017 16:00,42.43
11/9/2017 16:00,41.64
11/10/2017 16:00,41.72
11/13/2017 16:00,42.01
11/14/2017 16:00,41.86
11/15/2017 16:00,41.54
11/16/2017 16:00,42.1
11/17/2017 16:00,42.07
11/20/2017 16:00,42.21
11/21/2017 16:00,42.58
11/22/2017 16:00,42.41
11/24/2017 13:00,42.99
11/27/2017 16:00,41.09
11/28/2017 16:00,40.93
11/29/2017 16:00,39.41
11/30/2017 16:00,39.6
12/1/2017 16:00,39.7
12/4/2017 16:00,39.39
12/5/2017 16:00,39.2
12/6/2017 16:00,38.68
12/7/2017 16:00,39.01
12/8/2017 16:00,39
12/11/2017 16:00,39.37
12/12/2017 16:00,39.3
12/13/2017 16:00,39.29
12/14/2017 16:00,39.4
12/15/2017 16:00,39.5
12/18/2017 16:00,39.4
12/19/2017 16:00,39.34
12/20/2017 16:00,39.44
12/21/2017 16:00,39.23
12/22/2017 16:00,39.63
12/26/2017 16:00,38.95
12/27/2017 16:00,39.08
12/28/2017 16:00,39.74
12/29/2017 16:00,39.65
1/2/2018 16:00,41.02
1/3/2018 16:00,41.71
1/4/2018 16:00,41.49
1/5/2018 16:00,42.46
1/8/2018 16:00,42.44
1/9/2018 16:00,42.18
1/10/2018 16:00,41.3
1/11/2018 16:00,41.03
1/12/2018 16:00,41.19
1/16/2018 16:00,42.23
1/17/2018 16:00,43.13
1/18/2018 16:00,44.57
1/19/2018 16:00,44.67
1/22/2018 16:00,46.38
1/23/2018 16:00,46.28
1/24/2018 16:00,45.33
1/25/2018 16:00,45.1
1/26/2018 16:00,45.72
1/29/2018 16:00,45.4
1/30/2018 16:00,44.88
1/31/2018 16:00,45.31
2/1/2018 16:00,45.45
2/2/2018 16:00,44.51
2/5/2018 16:00,42.95
2/6/2018 16:00,43.59
2/7/2018 16:00,41.88
2/8/2018 16:00,40.36
2/9/2018 16:00,41.47
2/12/2018 16:00,42.53
2/13/2018 16:00,42.38
2/14/2018 16:00,43.05
2/15/2018 16:00,43.52
2/16/2018 16:00,43.48
2/20/2018 16:00,43.74
2/21/2018 16:00,42.89
2/22/2018 16:00,42.39
2/23/2018 16:00,43.9
2/26/2018 16:00,44.41
2/27/2018 16:00,43.62
2/28/2018 16:00,43.35
3/1/2018 16:00,42.72
3/2/2018 16:00,43.01
3/5/2018 16:00,43.49
3/6/2018 16:00,43.54
3/7/2018 16:00,44.2
3/8/2018 16:00,43.8
3/9/2018 16:00,44.59
3/12/2018 16:00,45.22
3/13/2018 16:00,44.99
3/14/2018 16:00,45.15
3/15/2018 16:00,45.31
3/16/2018 16:00,44.97
3/19/2018 16:00,44.6
3/20/2018 16:00,44.83
3/21/2018 16:00,44.7
3/22/2018 16:00,43.69
3/23/2018 16:00,42.58
3/26/2018 16:00,44.27
3/27/2018 16:00,43.29
3/28/2018 16:00,42.69
3/29/2018 16:00,43.76
4/2/2018 16:00,42.5
4/3/2018 16:00,43.48
4/4/2018 16:00,43.94
4/5/2018 16:00,43.32
4/6/2018 16:00,42.42
4/9/2018 16:00,43.07
4/10/2018 16:00,43.58
4/11/2018 16:00,43.38
4/12/2018 16:00,43.85
4/13/2018 16:00,42.65
4/16/2018 16:00,42.87
4/17/2018 16:00,42.31
4/18/2018 16:00,41.92
4/19/2018 16:00,39.53
4/20/2018 16:00,38.95
4/23/2018 16:00,38.75
4/24/2018 16:00,38.75
4/25/2018 16:00,38.17
4/26/2018 16:00,38.17
4/27/2018 16:00,38.17
4/30/2018 16:00,38.45
5/1/2018 16:00,38.93
5/2/2018 16:00,37.75
5/3/2018 16:00,38.1
5/4/2018 16:00,38.59
5/7/2018 16:00,38.45
5/8/2018 16:00,39.18
5/9/2018 16:00,39.35
5/10/2018 16:00,39.77
5/11/2018 16:00,39.91
5/14/2018 16:00,39.95
5/15/2018 16:00,39.3
5/16/2018 16:00,39.79
5/17/2018 16:00,38.96
5/18/2018 16:00,38.96
5/21/2018 16:00,39.47
5/22/2018 16:00,39.64
5/23/2018 16:00,39.65
5/24/2018 16:00,39.27
5/25/2018 16:00,39.3
5/29/2018 16:00,38.16
5/30/2018 16:00,38.34
5/31/2018 16:00,38.7
6/1/2018 16:00,39.2
6/4/2018 16:00,39.97
6/5/2018 16:00,39.54
6/6/2018 16:00,39.56
6/7/2018 16:00,39.52
6/8/2018 16:00,38.93
6/11/2018 16:00,38.76
6/12/2018 16:00,39.2
6/13/2018 16:00,39.05
6/14/2018 16:00,38.6
6/15/2018 16:00,38.69
6/18/2018 16:00,38.25
6/19/2018 16:00,37.56
6/20/2018 16:00,38.35
6/21/2018 16:00,37.62
6/22/2018 16:00,38.12
6/25/2018 16:00,36.51
6/26/2018 16:00,36.46
6/27/2018 16:00,35.51
6/28/2018 16:00,35.94
6/29/2018 16:00,36.56
7/2/2018 16:00,36.54
7/3/2018 13:00,36.39
7/5/2018 16:00,36.59
7/6/2018 16:00,37.27
7/9/2018 16:00,37.83
7/10/2018 16:00,37.93
7/11/2018 16:00,36.97
7/12/2018 16:00,37.31
7/13/2018 16:00,37.77
7/16/2018 16:00,37.79
7/17/2018 16:00,38.04
7/18/2018 16:00,38.41
7/19/2018 16:00,39.81
7/20/2018 16:00,40.73
7/23/2018 16:00,40.74
7/24/2018 16:00,40.39
7/25/2018 16:00,40.89
7/26/2018 16:00,40.82
7/27/2018 16:00,41.45
7/30/2018 16:00,41.09
7/31/2018 16:00,41.21
8/1/2018 16:00,41.71
8/2/2018 16:00,41.55
8/3/2018 16:00,41.69
8/6/2018 16:00,41.07
8/7/2018 16:00,41.24
8/8/2018 16:00,41.97
8/9/2018 16:00,41.84
8/10/2018 16:00,41.03
8/13/2018 16:00,40.71
8/14/2018 16:00,40.91
8/15/2018 16:00,40.45
8/16/2018 16:00,40.41
8/17/2018 16:00,40.13
8/20/2018 16:00,40.1
8/21/2018 16:00,40.89
8/22/2018 16:00,40.9
8/23/2018 16:00,40.68
8/24/2018 16:00,41.24
8/27/2018 16:00,41.53
8/28/2018 16:00,42.35
8/29/2018 16:00,44.13
8/30/2018 16:00,43.46
8/31/2018 16:00,43.6
9/4/2018 16:00,44.11
9/5/2018 16:00,44.22
9/6/2018 16:00,44.05
9/7/2018 16:00,44.88
9/10/2018 16:00,44.62
9/11/2018 16:00,44.55
9/12/2018 16:00,43.94
9/13/2018 16:00,43.43
9/14/2018 16:00,44.41
9/17/2018 16:00,43.76
9/18/2018 16:00,43.56
9/19/2018 16:00,44.02
9/20/2018 16:00,44.17
9/21/2018 16:00,44.06
9/24/2018 16:00,44.89
9/25/2018 16:00,44.17
9/26/2018 16:00,44.27
9/27/2018 16:00,44.76
9/28/2018 16:00,44.16
10/1/2018 16:00,44.66
10/2/2018 16:00,43.62
10/3/2018 16:00,43.96
10/4/2018 16:00,42.43
10/5/2018 16:00,41.63
10/8/2018 16:00,40.96
10/9/2018 16:00,40.9
10/10/2018 16:00,39.35
10/11/2018 16:00,38.94
10/12/2018 16:00,39.66
10/15/2018 16:00,38.75
10/16/2018 16:00,40.01
10/17/2018 16:00,39.57
10/18/2018 16:00,38.54
10/19/2018 16:00,38.45
10/22/2018 16:00,38.72
10/23/2018 16:00,38
10/24/2018 16:00,36.48
10/25/2018 16:00,37.39
10/26/2018 16:00,36.67
10/29/2018 16:00,36.33
10/30/2018 16:00,37.78
10/31/2018 16:00,38.1
11/1/2018 16:00,39.05
11/2/2018 16:00,38.78
11/5/2018 16:00,38.48
11/6/2018 16:00,38.73
11/7/2018 16:00,39.18
11/8/2018 16:00,38.7
11/9/2018 16:00,38.07
11/12/2018 16:00,37.06
11/13/2018 16:00,37.4
11/14/2018 16:00,37.84
11/15/2018 16:00,38.52
11/16/2018 16:00,36.87
11/19/2018 16:00,36.05
11/20/2018 16:00,35.64
11/21/2018 16:00,36.17
11/23/2018 13:00,35.96
11/26/2018 16:00,36.84
11/27/2018 16:00,36.8
11/28/2018 16:00,38.01
11/29/2018 16:00,37.93
11/30/2018 16:00,37.59
12/3/2018 16:00,38.73
12/4/2018 16:00,37.44
12/6/2018 16:00,36.86
12/7/2018 16:00,36.52
12/10/2018 16:00,36.43
12/11/2018 16:00,36.7
12/12/2018 16:00,37.38
12/13/2018 16:00,37.33
12/14/2018 16:00,36.53
12/17/2018 16:00,36.22
12/18/2018 16:00,36.76
12/19/2018 16:00,36.23
12/20/2018 16:00,35.88
12/21/2018 16:00,35.71
12/24/2018 13:00,35.29
12/26/2018 16:00,36.76
12/27/2018 16:00,36.78
12/28/2018 16:00,37.14
12/31/2018 16:00,36.91
1/2/2019 16:00,36.52
1/3/2019 16:00,34.36
1/4/2019 16:00,34.97
1/7/2019 16:00,35.23
1/8/2019 16:00,34.94
1/9/2019 16:00,35.61
1/10/2019 16:00,36.42
1/11/2019 16:00,36.61
1/14/2019 16:00,35.76
1/15/2019 16:00,36.04
1/16/2019 16:00,35.64
1/17/2019 16:00,36.29
1/18/2019 16:00,36.84
1/22/2019 16:00,36.37
1/23/2019 16:00,36.49
1/24/2019 16:00,37.64
1/25/2019 16:00,38.14
1/28/2019 16:00,37.44
1/29/2019 16:00,36.33
1/30/2019 16:00,37.38
1/31/2019 16:00,37.62
2/1/2019 16:00,37.57
2/4/2019 16:00,37.94
2/5/2019 16:00,38.25
2/6/2019 16:00,38.74
2/7/2019 16:00,38.12
2/8/2019 16:00,37.79
2/11/2019 16:00,38.29
2/12/2019 16:00,38.64
2/13/2019 16:00,38.13
2/14/2019 16:00,38.06
2/15/2019 16:00,38.09
2/19/2019 16:00,38.46
2/20/2019 16:00,39
2/21/2019 16:00,38.98
2/22/2019 16:00,39.39
2/25/2019 16:00,39.58
2/26/2019 16:00,39.6
2/27/2019 16:00,39.45
2/28/2019 16:00,39.05
3/1/2019 16:00,39.39
3/4/2019 16:00,39.15
3/5/2019 16:00,39.02
3/6/2019 16:00,38.79
3/7/2019 16:00,38.63
3/8/2019 16:00,38.2
3/11/2019 16:00,38.64
3/12/2019 16:00,38.9
3/13/2019 16:00,39.21
3/14/2019 16:00,38.82
3/15/2019 16:00,39.65
3/18/2019 16:00,39.85
3/19/2019 16:00,39.76
3/20/2019 16:00,39.85
3/21/2019 16:00,41.04
3/22/2019 16:00,40.43
3/25/2019 16:00,39.92
3/26/2019 16:00,40.4
3/27/2019 16:00,40.2
3/28/2019 16:00,40.34
3/29/2019 16:00,40.96
4/1/2019 16:00,41.37
4/2/2019 16:00,41.27
4/3/2019 16:00,41.79
4/4/2019 16:00,42.04
4/5/2019 16:00,42.23
4/8/2019 16:00,42.39
4/9/2019 16:00,42.21
4/10/2019 16:00,42.37
4/11/2019 16:00,42.1
4/12/2019 16:00,42.58
4/15/2019 16:00,42.61
4/16/2019 16:00,43.01
4/17/2019 16:00,44.39
4/18/2019 16:00,45.4
4/22/2019 16:00,45.15
4/23/2019 16:00,45.42
4/24/2019 16:00,45.41
4/25/2019 16:00,44.48
4/26/2019 16:00,43.94
4/29/2019 16:00,43.83
4/30/2019 16:00,43.82
5/1/2019 16:00,43.82
5/2/2019 16:00,44.4
5/3/2019 16:00,44.71
5/6/2019 16:00,43.76
5/7/2019 16:00,43.76
5/8/2019 16:00,43.7
5/9/2019 16:00,43.25
5/10/2019 16:00,42.83
5/13/2019 16:00,40.99
5/14/2019 16:00,41.97
5/15/2019 16:00,41.97
5/16/2019 16:00,41.53
5/17/2019 16:00,40.25
5/20/2019 16:00,38.66
5/21/2019 16:00,39.3
5/22/2019 16:00,38.9
5/23/2019 16:00,38.07
5/24/2019 16:00,38.2
5/28/2019 16:00,37.65
5/29/2019 16:00,37.69
5/30/2019 16:00,38.04
5/31/2019 16:00,38.35
6/3/2019 16:00,38.82
6/4/2019 16:00,39.06
6/5/2019 16:00,38.23
6/6/2019 16:00,38.44
6/7/2019 16:00,38.82
6/10/2019 16:00,39.62
6/11/2019 16:00,39.96
6/12/2019 16:00,39.46
6/13/2019 16:00,39.45
6/14/2019 16:00,37.84
6/17/2019 16:00,37.66
6/18/2019 16:00,39.21
6/19/2019 16:00,39.4
6/20/2019 16:00,40.51
6/21/2019 16:00,40.52
6/24/2019 16:00,39.98
6/25/2019 16:00,38.92
6/26/2019 16:00,39.08
6/27/2019 16:00,39.59
6/28/2019 16:00,39.17
7/1/2019 16:00,41.38
7/2/2019 16:00,40.8
7/3/2019 13:00,40.33
7/5/2019 16:00,39.93
7/8/2019 16:00,39.32
7/9/2019 16:00,39.67
7/10/2019 16:00,40.71
7/11/2019 16:00,40.9
7/12/2019 16:00,41.23
7/15/2019 16:00,41.82
7/16/2019 16:00,41.77
7/17/2019 16:00,41.63
7/18/2019 16:00,43.19
7/19/2019 16:00,43.83
7/22/2019 16:00,44.6
7/23/2019 16:00,44.42
7/24/2019 16:00,44.54
7/25/2019 16:00,43.62
7/26/2019 16:00,43.46
7/29/2019 16:00,43.94
7/30/2019 16:00,43.11
7/31/2019 16:00,42.63
8/1/2019 16:00,41.87
8/2/2019 16:00,41.65
8/5/2019 16:00,39.87
8/6/2019 16:00,41.26
8/7/2019 16:00,41.26
8/8/2019 16:00,41.9
8/9/2019 16:00,41.41
8/12/2019 16:00,40.96
8/13/2019 16:00,41.84
8/14/2019 16:00,40.43
8/15/2019 16:00,40.86
8/16/2019 16:00,41.54
8/19/2019 16:00,41.78
8/20/2019 16:00,41.94
8/21/2019 16:00,42.58
8/22/2019 16:00,42.13
8/23/2019 16:00,40.95
8/26/2019 16:00,41.34
8/27/2019 16:00,41.35
8/28/2019 16:00,41.65
8/29/2019 16:00,42.28
8/30/2019 16:00,42.63
9/3/2019 16:00,41.72
9/4/2019 16:00,43.15
9/5/2019 16:00,44.24
9/6/2019 16:00,43.71
9/9/2019 16:00,43.85
9/10/2019 16:00,44.1
9/11/2019 16:00,44.22
9/12/2019 16:00,44.07
9/13/2019 16:00,44.74
9/16/2019 16:00,44.6
9/17/2019 16:00,45.13
9/18/2019 16:00,45.04
9/19/2019 16:00,44.9
9/20/2019 16:00,43.87
9/23/2019 16:00,44.07
9/24/2019 16:00,44.12
9/25/2019 16:00,45.01
9/26/2019 16:00,46.46
9/27/2019 16:00,45.51
9/30/2019 16:00,46.48
10/1/2019 16:00,47.19
10/2/2019 16:00,46.43
10/3/2019 16:00,47.13
10/4/2019 16:00,47.42
10/7/2019 16:00,47.95
10/8/2019 16:00,47.86
10/9/2019 16:00,48.68
10/10/2019 16:00,48.93
10/11/2019 16:00,49.42
10/14/2019 16:00,49.91
10/15/2019 16:00,50.39
10/16/2019 16:00,50.13
10/17/2019 16:00,49.75
10/18/2019 16:00,49.28
10/21/2019 16:00,50
10/22/2019 16:00,50.64
10/23/2019 16:00,50.17
10/24/2019 16:00,50.95
10/25/2019 16:00,51.13
10/28/2019 16:00,51.31
10/29/2019 16:00,51.47
10/30/2019 16:00,51.91
10/31/2019 16:00,51.63
11/1/2019 16:00,52.1
11/4/2019 16:00,53.49
11/5/2019 16:00,53.55
11/6/2019 16:00,53.64
11/7/2019 16:00,53.67
11/8/2019 16:00,52.83
11/11/2019 16:00,52.6
11/12/2019 16:00,52.15
11/13/2019 16:00,52.88
11/14/2019 16:00,52.48
11/15/2019 16:00,53.29
11/18/2019 16:00,53.42
11/19/2019 16:00,53.76
11/20/2019 16:00,53.5
11/21/2019 16:00,52.98
11/22/2019 16:00,52.79
11/25/2019 16:00,53.76
11/26/2019 16:00,53.63
11/27/2019 16:00,53.89
11/29/2019 13:00,53.09
12/2/2019 16:00,52.98
12/3/2019 16:00,52.78
12/4/2019 16:00,53.18
12/5/2019 16:00,54.4
12/6/2019 16:00,54.94
12/9/2019 16:00,54.46
12/10/2019 16:00,54.52
12/11/2019 16:00,55.9
12/12/2019 16:00,58.61
12/13/2019 16:00,58.25
12/16/2019 16:00,58.54
12/17/2019 16:00,59.23
12/18/2019 16:00,59.1
12/19/2019 16:00,57.96
12/20/2019 16:00,57.93
12/23/2019 16:00,58.22
12/24/2019 13:00,57.76
12/26/2019 16:00,58.25
12/27/2019 16:00,58.46
12/30/2019 16:00,57.85
12/31/2019 16:00,58.1
